{
	"4224_0.jpg": [
		1168,
		626.7916717529297,
		144,
		79
	],
	"4264_0.jpg": [
		844,
		614.7916717529297,
		73,
		49
	],
	"4304_0.jpg": [
		737,
		516.7916717529297,
		103,
		58
	],
	"4344_0.jpg": [
		788,
		490.7916717529297,
		129,
		55
	],
	"4384_0.jpg": [
		631,
		566.7916717529297,
		157,
		69
	],
	"4424_0.jpg": [
		1204,
		554.7916717529297,
		108,
		63
	],
	"4464_0.jpg": [
		928,
		456.7916717529297,
		117,
		53
	],
	"4504_0.jpg": [
		724,
		429.7916717529297,
		108,
		58
	],
	"4544_0.jpg": [
		480,
		428.7916717529297,
		120,
		56
	],
	"4584_0.jpg": [
		274,
		470.7916717529297,
		121,
		56
	],
	"4624_0.jpg": [
		606,
		485.7916717529297,
		120,
		48
	],
	"4664_0.jpg": [
		694,
		386.7916717529297,
		98,
		46
	],
	"4704_0.jpg": [
		811,
		360.7916717529297,
		95,
		52
	],
	"4744_0.jpg": [
		1119,
		295.7916717529297,
		56,
		51
	],
	"4784_0.jpg": [
		1326,
		380.7916717529297,
		134,
		76
	],
	"4824_0.jpg": [
		802,
		496.7916717529297,
		117,
		72
	],
	"4864_0.jpg": [
		623,
		496.7916717529297,
		122,
		61
	],
	"4904_0.jpg": [
		693,
		622.7916717529297,
		135,
		69
	],
	"4944_0.jpg": [
		1276,
		667.7916717529297,
		90,
		60
	],
	"4984_0.jpg": [
		1350,
		555.7916717529297,
		131,
		46
	],
	"5024_0.jpg": [
		1434,
		546.7916717529297,
		140,
		54
	],
	"5064_0.jpg": [
		1184,
		475.7916717529297,
		95,
		47
	],
	"5104_0.jpg": [
		1384,
		444.7916717529297,
		97,
		54
	],
	"5144_0.jpg": [
		1355,
		622.7916717529297,
		139,
		69
	],
	"5184_0.jpg": [
		913,
		667.7916717529297,
		100,
		71
	],
	"5224_0.jpg": [
		580,
		576.7916717529297,
		76,
		63
	],
	"5264_0.jpg": [
		410,
		478.7916717529297,
		166,
		72
	],
	"5304_0.jpg": [
		571,
		544.7916717529297,
		152,
		80
	],
	"5344_0.jpg": [
		557,
		694.7916717529297,
		208,
		93
	],
	"5384_0.jpg": [
		1224,
		574.7916717529297,
		154,
		86
	],
	"5424_0.jpg": [
		514,
		443.7916717529297,
		144,
		68
	],
	"5464_0.jpg": [
		428,
		384.7916717529297,
		144,
		62
	],
	"5504_0.jpg": [
		602,
		408.7916717529297,
		108,
		54
	],
	"5544_0.jpg": [
		532,
		508.7916717529297,
		84,
		36
	],
	"5584_0.jpg": [
		976,
		494.7916717529297,
		61,
		32
	],
	"5624_0.jpg": [
		904,
		425.7916717529297,
		58,
		29
	],
	"5664_0.jpg": [
		1052,
		406.7916717529297,
		61,
		42
	],
	"5704_0.jpg": [
		1281,
		434.7916717529297,
		71,
		53
	],
	"5744_0.jpg": [
		1204,
		602.7916717529297,
		158,
		78
	],
	"5784_0.jpg": [
		951,
		561.7916717529297,
		74,
		60
	],
	"5824_0.jpg": [
		813,
		596.7916717529297,
		119,
		60
	],
	"5864_0.jpg": [
		1356,
		525.7916717529297,
		92,
		59
	],
	"5904_0.jpg": [
		1740,
		405.7916717529297,
		116,
		63
	],
	"5944_0.jpg": [
		1658,
		458.7916717529297,
		135,
		62
	],
	"5984_0.jpg": [
		1479,
		490.7916717529297,
		146,
		62
	],
	"6024_0.jpg": [
		1528,
		414.7916717529297,
		135,
		55
	],
	"6064_0.jpg": [
		1457,
		383.7916717529297,
		121,
		78
	],
	"6104_0.jpg": [
		1188,
		686.7916717529297,
		174,
		71
	],
	"6144_0.jpg": [
		828,
		719.7916717529297,
		109,
		79
	],
	"6184_0.jpg": [
		708,
		584.7916717529297,
		156,
		75
	],
	"6224_0.jpg": [
		485,
		363.7916717529297,
		185,
		74
	],
	"6264_0.jpg": [
		158,
		428.7916717529297,
		186,
		94
	],
	"6304_0.jpg": [
		654,
		512.7916717529297,
		208,
		96
	],
	"6344_0.jpg": [
		1295,
		424.7916717529297,
		149,
		67
	],
	"6384_0.jpg": [
		504,
		353.7916717529297,
		90,
		65
	],
	"6424_0.jpg": [
		374,
		317.7916717529297,
		134,
		53
	],
	"6464_0.jpg": [
		419,
		390.7916717529297,
		93,
		45
	],
	"6504_0.jpg": [
		507,
		526.7916717529297,
		85,
		41
	],
	"6544_0.jpg": [
		855,
		464.7916717529297,
		85,
		38
	],
	"6584_0.jpg": [
		849,
		412.7916717529297,
		83,
		38
	],
	"6624_0.jpg": [
		1195,
		370.7916717529297,
		55,
		38
	],
	"6664_0.jpg": [
		1517,
		341.7916717529297,
		75,
		55
	],
	"6704_0.jpg": [
		986,
		615.7916717529297,
		135,
		83
	],
	"6744_0.jpg": [
		681,
		598.7916717529297,
		113,
		64
	],
	"6784_0.jpg": [
		203,
		696.7916717529297,
		147,
		73
	],
	"6824_0.jpg": [
		1142,
		526.7916717529297,
		97,
		69
	],
	"6864_0.jpg": [
		1343,
		405.7916717529297,
		117,
		51
	],
	"6904_0.jpg": [
		1697,
		391.7916717529297,
		115,
		53
	],
	"6944_0.jpg": [
		1398,
		464.7916717529297,
		78,
		35
	],
	"6984_0.jpg": [
		1230,
		460.7916717529297,
		54,
		28
	],
	"7024_0.jpg": [
		1283,
		497.7916717529297,
		50,
		40
	],
	"7064_0.jpg": [
		1160,
		656.7916717529297,
		90,
		46
	],
	"7104_0.jpg": [
		716,
		542.7916717529297,
		41,
		34
	],
	"7224_0.jpg": [
		692,
		507.7916717529297,
		57,
		38
	],
	"7304_0.jpg": [
		1027,
		516.7916717529297,
		80,
		35
	],
	"7344_0.jpg": [
		658,
		421.7916717529297,
		64,
		37
	],
	"7384_0.jpg": [
		508,
		442.7916717529297,
		74,
		36
	],
	"7584_0.jpg": [
		1032,
		106.79167175292969,
		56,
		44
	],
	"7664_0.jpg": [
		954,
		536.7916717529297,
		126,
		85
	],
	"7704_0.jpg": [
		624,
		496.7916717529297,
		94,
		55
	],
	"7744_0.jpg": [
		683,
		518.7916717529297,
		93,
		50
	],
	"7824_0.jpg": [
		1567,
		356.7916717529297,
		78,
		39
	],
	"7904_0.jpg": [
		1446,
		362.7916717529297,
		88,
		40
	],
	"7944_0.jpg": [
		1354,
		306.7916717529297,
		86,
		36
	],
	"7984_0.jpg": [
		1584,
		459.7916717529297,
		96,
		61
	],
	"8024_0.jpg": [
		1091,
		662.7916717529297,
		108,
		64
	],
	"8064_0.jpg": [
		605,
		554.7916717529297,
		56,
		45
	],
	"8104_0.jpg": [
		475,
		407.7916717529297,
		90,
		45
	],
	"8144_0.jpg": [
		3,
		309.7916717529297,
		111,
		63
	],
	"8184_0.jpg": [
		223,
		527.7916717529297,
		145,
		65
	]
}